,full_name,rating,jersey,team,position,b_day,height,weight,salary,country,draft_year,draft_round,draft_peak,college,version
0,LeBron James,97,#23,Los Angeles Lakers,F,12/30/84,2.06,113.4,37436858,USA,2003,1,1,,NBA2k20
1,Kawhi Leonard,97,#2,Los Angeles Clippers,F,06/29/91,2.01,102.1,32742000,USA,2011,1,15,San Diego State,NBA2k20
2,Giannis Antetokounmpo,96,#34,Milwaukee Bucks,F-G,12/06/94,2.11,109.8,25842697,Greece,2013,1,15,,NBA2k20
3,Kevin Durant,96,#7,Brooklyn Nets,F,09/29/88,2.08,104.3,37199000,USA,2007,1,2,Texas,NBA2k20
4,James Harden,96,#13,Houston Rockets,G,08/26/89,1.96,99.8,38199000,USA,2009,1,3,Arizona State,NBA2k20
5,Stephen Curry,95,#30,Golden State Warriors,G,03/14/88,1.91,83.9,40231758,USA,2009,1,7,Davidson,NBA2k20
6,Anthony Davis,94,#3,Los Angeles Lakers,F-C,03/11/93,2.08,100.7,27093019,USA,2012,1,1,Kentucky,NBA2k20
7,Paul George,93,#13,Los Angeles Clippers,F,05/02/90,2.03,95.3,33005556,USA,2010,1,10,Fresno State,NBA2k20
8,Damian Lillard,92,#0,Portland Trail Blazers,G,07/15/90,1.88,88.5,29802321,USA,2012,1,6,Weber State,NBA2k20
9,Joel Embiid,91,#21,Philadelphia 76ers,C,03/16/94,2.13,113.4,27504630,Cameroon,2014,1,3,Kansas,NBA2k20
10,Kyrie Irving,91,#11,Brooklyn Nets,G,03/23/92,1.88,81.6,31742000,Australia,2011,1,1,Duke,NBA2k20
11,Nikola Jokic,90,#15,Denver Nuggets,C,02/19/95,2.13,114.8,27504630,Serbia,2014,2,41,,NBA2k20
12,Russell Westbrook,90,#0,Houston Rockets,G,11/12/88,1.91,86.2,38506482,USA,2008,1,4,UCLA,NBA2k20
13,Klay Thompson,89,#11,Golden State Warriors,G,02/08/90,1.98,93.0,32742000,USA,2011,1,11,Washington State,NBA2k20
14,Karl-Anthony Towns,89,#32,Minnesota Timberwolves,F-C,11/15/95,2.11,112.5,27285000,USA,2015,1,1,Kentucky,NBA2k20
15,Jimmy Butler,88,#22,Miami Heat,G,09/14/89,2.01,99.8,32742000,USA,2011,1,30,Marquette,NBA2k20
16,Rudy Gobert,88,#27,Utah Jazz,C,06/26/92,2.16,108.0,25258427,France,2013,1,27,,NBA2k20
17,Blake Griffin,88,#23,Detroit Pistons,F,03/16/89,2.06,114.3,34449964,USA,2009,1,1,Oklahoma,NBA2k20
18,Donovan Mitchell,88,#45,Utah Jazz,G,09/07/96,1.85,95.7,3635760,USA,2017,1,13,Louisville,NBA2k20
19,Kemba Walker,88,#8,Boston Celtics,G,05/08/90,1.83,78.0,32742000,USA,2011,1,9,UConn,NBA2k20
20,Luka Doncic,87,#77,Dallas Mavericks,G-F,02/28/99,2.01,103.0,7683360,Slovenia,2018,1,3,,NBA2k20
21,LaMarcus Aldridge,87,#12,San Antonio Spurs,F-C,07/19/85,2.11,111.6,26000000,USA,2006,1,2,Texas,NBA2k20
22,Bradley Beal,87,#3,Washington Wizards,G,06/28/93,1.91,93.9,27093018,USA,2012,1,3,Florida,NBA2k20
23,Mike Conley,87,#10,Utah Jazz,G,10/11/87,1.85,83.9,32511623,USA,2007,1,4,Ohio State,NBA2k20
24,DeMar DeRozan,87,#10,San Antonio Spurs,G-F,08/07/89,1.98,99.8,27739975,USA,2009,1,9,USC,NBA2k20
25,CJ McCollum,87,#3,Portland Trail Blazers,G,09/19/91,1.91,89.4,27556959,USA,2013,1,10,Lehigh,NBA2k20
26,Victor Oladipo,87,#4,Indiana Pacers,G,05/04/92,1.93,96.6,21000000,USA,2013,1,2,Indiana,NBA2k20
27,Kristaps Porzingis,87,#6,Dallas Mavericks,F-C,08/02/95,2.21,99.8,27285000,Latvia,2015,1,4,,NBA2k20
28,D'Angelo Russell,87,#0,Minnesota Timberwolves,G,02/23/96,1.93,87.5,27285000,USA,2015,1,2,Ohio State,NBA2k20
29,Pascal Siakam,87,#43,Toronto Raptors,F,04/02/94,2.06,103.0,2351838,Cameroon,2016,1,27,New Mexico State,NBA2k20
30,Ben Simmons,87,#25,Philadelphia 76ers,F,07/20/96,2.08,108.9,8113929,Australia,2016,1,1,LSU,NBA2k20
31,De'Aaron Fox,86,#5,Sacramento Kings,G,12/20/97,1.91,77.6,6392760,USA,2017,1,5,Kentucky,NBA2k20
32,Devin Booker,86,#1,Phoenix Suns,G,10/30/96,1.96,93.4,27285000,USA,2015,1,13,Kentucky,NBA2k20
33,DeMarcus Cousins,86,#0,,C,08/13/90,2.08,122.5,3500000,USA,2010,1,5,Kentucky,NBA2k20
34,Andre Drummond,86,#0,Cleveland Cavaliers,C,08/10/93,2.08,122.5,27093018,USA,2012,1,9,UConn,NBA2k20
35,Draymond Green,86,#23,Golden State Warriors,F,03/04/90,1.98,104.3,18539130,USA,2012,2,35,Michigan State,NBA2k20
36,Jrue Holiday,86,#11,New Orleans Pelicans,G,06/12/90,1.91,81.6,26131111,USA,2009,1,17,UCLA,NBA2k20
37,Nikola Vucevic,86,#9,Orlando Magic,C,10/24/90,2.11,108.9,28000000,Montenegro,2011,1,16,USC,NBA2k20
38,John Wall,86,#2,Washington Wizards,G,09/06/90,1.93,88.5,38199000,USA,2010,1,1,Kentucky,NBA2k20
39,Jayson Tatum,85,#0,Boston Celtics,F,03/03/98,2.03,92.5,7830000,USA,2017,1,3,Duke,NBA2k20
40,Trae Young,85,#11,Atlanta Hawks,G,09/19/98,1.85,81.6,6273000,USA,2018,1,5,Oklahoma,NBA2k20
41,Eric Bledsoe,85,#6,Milwaukee Bucks,G,12/09/89,1.85,88.5,15625000,USA,2010,1,18,Kentucky,NBA2k20
42,Clint Capela,85,#15,Atlanta Hawks,C,05/18/94,2.08,95.7,16896552,Switzerland,2014,1,25,,NBA2k20
43,Tobias Harris,85,#12,Philadelphia 76ers,F,07/15/92,2.03,102.5,32742000,USA,2011,1,19,Tennessee,NBA2k20
44,Al Horford,85,#42,Philadelphia 76ers,C-F,06/03/86,2.06,111.6,28000000,Dominican Republic,2007,1,3,Florida,NBA2k20
45,Zach LaVine,85,#8,Chicago Bulls,G,03/10/95,1.98,82.1,19500000,USA,2014,1,13,UCLA,NBA2k20
46,Kyle Lowry,85,#7,Toronto Raptors,G,03/25/86,1.83,93.0,33296296,USA,2006,1,24,Villanova,NBA2k20
47,Khris Middleton,85,#22,Milwaukee Bucks,F,08/12/91,2.01,98.4,30603448,USA,2012,2,39,Texas A&M,NBA2k20
48,Chris Paul,85,#3,Oklahoma City Thunder,G,05/06/85,1.85,79.4,38506482,USA,2005,1,4,Wake Forest,NBA2k20
49,John Collins,84,#20,Atlanta Hawks,F,09/23/97,2.06,102.1,2686560,USA,2017,1,19,Wake Forest,NBA2k20
50,Buddy Hield,84,#24,Sacramento Kings,G,12/17/93,1.93,96.2,4861207,The Bahamas,2016,1,6,Oklahoma,NBA2k20
51,Kyle Kuzma,84,#0,Los Angeles Lakers,F,07/24/95,2.03,100.2,1974600,USA,2017,1,27,Utah,NBA2k20
52,Jamal Murray,84,#27,Denver Nuggets,G,02/23/97,1.93,91.2,4444746,Canada,2016,1,7,Kentucky,NBA2k20
53,Louis Williams,84,#23,Los Angeles Clippers,G,10/27/86,1.85,79.4,8000000,USA,2005,2,45,,NBA2k20
54,Marvin Bagley,83,#35,Sacramento Kings,F,03/14/99,2.11,106.6,8556120,USA,2018,1,2,Duke,NBA2k20
55,Bojan Bogdanovic,83,#44,Utah Jazz,G-F,04/18/89,2.03,98.0,17000000,Croatia,2011,2,31,,NBA2k20
56,Malcolm Brogdon,83,#7,Indiana Pacers,G,12/11/92,1.96,101.2,20000000,USA,2016,2,36,Virginia,NBA2k20
57,Danilo Gallinari,83,#8,Oklahoma City Thunder,F,08/08/88,2.08,102.1,22615559,Italy,2008,1,6,,NBA2k20
58,Montrezl Harrell,83,#5,Los Angeles Clippers,F,01/26/94,2.01,114.8,6000000,USA,2015,2,32,Louisville,NBA2k20
59,Kevin Love,83,#0,Cleveland Cavaliers,F,09/07/88,2.03,117.9,28942830,USA,2008,1,5,UCLA,NBA2k20
60,Lauri Markkanen,83,#24,Chicago Bulls,F-C,05/22/97,2.13,108.9,5300400,Finland,2017,1,7,Arizona,NBA2k20
61,Jusuf Nurkic,83,#27,Portland Trail Blazers,C,08/23/94,2.13,131.5,12000000,Bosnia and Herzegovina,2014,1,16,,NBA2k20
62,Julius Randle,83,#30,New York Knicks,F,11/29/94,2.03,113.4,18000000,USA,2014,1,7,Kentucky,NBA2k20
63,Marc Gasol,82,#33,Toronto Raptors,C,01/29/85,2.11,120.2,25595700,Spain,2007,2,48,,NBA2k20
64,Steven Adams,82,#12,Oklahoma City Thunder,C,07/20/93,2.11,115.7,25842697,New Zealand,2013,1,12,Pittsburgh,NBA2k20
65,Deandre Ayton,82,#22,Phoenix Suns,C,07/23/98,2.11,113.4,9562920,The Bahamas,2018,1,1,Arizona,NBA2k20
66,Spencer Dinwiddie,82,#8,Brooklyn Nets,G,04/06/93,1.96,93.0,10605600,USA,2014,2,38,Colorado,NBA2k20
67,Jaren Jackson,82,#13,Memphis Grizzlies,F-C,09/15/99,2.11,110.0,6699960,USA,2018,1,4,Michigan State,NBA2k20
68,Paul Millsap,82,#4,Denver Nuggets,F-C,02/10/85,2.01,113.4,30350000,USA,2017,2,47,Louisiana Tech,NBA2k20
69,Marcus Smart,82,#36,Boston Celtics,G,03/06/94,1.91,103.0,12553571,USA,2014,1,6,Oklahoma State,NBA2k20
70,Myles Turner,82,#33,Indiana Pacers,F-C,03/24/96,2.11,108.4,18000000,USA,2015,1,11,Texas,NBA2k20
71,Serge Ibaka,81,#9,Toronto Raptors,F,09/18/89,2.13,108.9,23271604,Spain,2008,1,24,,NBA2k20
72,Zion Williamson,81,#1,New Orleans Pelicans,F,07/06/00,1.98,128.8,9757440,USA,2019,1,1,Duke,NBA2k20
73,Rudy Gay,81,#22,San Antonio Spurs,F,08/17/86,2.03,104.3,14500000,USA,2006,1,8,UConn,NBA2k20
74,Aaron Gordon,81,#0,Orlando Magic,F,09/16/95,2.03,99.8,19863636,USA,2014,1,4,Arizona,NBA2k20
75,Brandon Ingram,81,#14,New Orleans Pelicans,F,09/02/97,2.01,88.9,7265485,USA,2016,1,2,Duke,NBA2k20
76,DeAndre Jordan,81,#6,Brooklyn Nets,C,07/21/88,2.11,120.2,9881598,USA,2008,2,35,Texas A&M,NBA2k20
77,Domantas Sabonis,81,#11,Indiana Pacers,F-C,05/03/96,2.11,104.8,3529554,Lithuania,2016,1,11,Gonzaga,NBA2k20
78,Jonas Valanciunas,81,#17,Memphis Grizzlies,C,05/06/92,2.11,104.8,16000000,Lithuania,2011,1,5,,NBA2k20
79,Hassan Whiteside,81,#21,Portland Trail Blazers,C,06/13/89,2.13,106.6,27093018,USA,2010,2,33,Marshall,NBA2k20
80,Derrick Rose,80,#25,Detroit Pistons,G,10/04/88,1.88,86.2,7317074,USA,2008,1,1,Memphis,NBA2k20
81,Robert Covington,80,#33,Houston Rockets,F,12/14/90,2.01,94.8,11301219,USA,2013,Undrafted,Undrafted,Tennessee State,NBA2k20
82,Derrick Favors,80,#22,New Orleans Pelicans,F,07/15/91,2.06,111.6,17650000,USA,2010,1,3,Georgia Tech,NBA2k20
83,Gordon Hayward,80,#20,Boston Celtics,F,03/23/90,2.01,93.9,32700690,USA,2010,1,9,Butler,NBA2k20
84,Reggie Jackson,80,#0,Los Angeles Clippers,G,04/16/90,1.91,94.3,17799677,USA,2011,1,24,Boston College,NBA2k20
85,Enes Kanter,80,#11,Boston Celtics,C,05/20/92,2.08,118.8,4767000,Turkey,2011,1,3,,NBA2k20
86,Otto Porter,80,#22,Chicago Bulls,F,06/03/93,2.03,89.8,27250576,USA,2013,1,2,Georgetown,NBA2k20
87,JJ Redick,80,#4,New Orleans Pelicans,G,06/24/84,1.91,86.2,13486300,USA,2006,1,11,Duke,NBA2k20
88,Josh Richardson,80,#0,Philadelphia 76ers,G,09/15/93,1.96,90.7,10116576,USA,2015,2,40,Tennessee,NBA2k20
89,TJ Warren,80,#1,Indiana Pacers,F,09/05/93,2.03,99.8,11060000,USA,2014,1,14,NC State,NBA2k20
90,Ja Morant,79,#12,Memphis Grizzlies,G,08/10/99,1.91,78.9,8730240,USA,2019,1,2,Murray State,NBA2k20
91,Bam Adebayo,79,#13,Miami Heat,F-C,07/18/97,2.06,110.2,3454080,USA,2017,1,14,Kentucky,NBA2k20
92,Jarrett Allen,79,#31,Brooklyn Nets,C,04/20/98,2.11,106.1,2376840,USA,2017,1,22,Texas,NBA2k20
93,Lonzo Ball,79,#2,New Orleans Pelicans,G,10/27/97,1.98,86.2,8719320,USA,2017,1,2,UCLA,NBA2k20
94,Harrison Barnes,79,#40,Sacramento Kings,F,05/30/92,2.03,95.3,24147727,USA,2012,1,7,North Carolina,NBA2k20
95,Patrick Beverley,79,#21,Los Angeles Clippers,G,07/12/88,1.85,81.6,12345680,USA,2009,2,42,Arkansas,NBA2k20
96,Jaylen Brown,79,#7,Boston Celtics,F,10/24/96,1.98,101.2,6534829,USA,2016,1,3,California,NBA2k20
97,Willie Cauley-Stein,79,#0,Dallas Mavericks,C,08/18/93,2.13,109.8,2177483,USA,2015,1,6,Kentucky,NBA2k20
98,Goran Dragic,79,#7,Miami Heat,G,05/06/86,1.91,86.2,19217900,Slovenia,2008,2,45,,NBA2k20
99,Shai Gilgeous-Alexander,79,#2,Oklahoma City Thunder,G,07/12/98,1.96,81.6,3952920,Canada,2018,1,11,Kentucky,NBA2k20
100,Gary Harris,79,#14,Denver Nuggets,G,09/14/94,1.93,93.0,17839286,USA,2014,1,19,Michigan State,NBA2k20
101,Joe Ingles,79,#2,Utah Jazz,F,10/02/87,2.01,94.8,11454546,Australia,2009,Undrafted,Undrafted,,NBA2k20
102,Jeremy Lamb,79,#26,Indiana Pacers,G,05/30/92,1.96,81.6,10500000,USA,2012,1,12,UConn,NBA2k20
103,Brook Lopez,79,#11,Milwaukee Bucks,C,04/01/88,2.13,120.2,12093024,USA,2008,1,10,Stanford,NBA2k20
104,JaVale McGee,79,#7,Los Angeles Lakers,C,01/19/88,2.13,122.5,4000000,USA,2008,1,18,Nevada,NBA2k20
105,Mitchell Robinson,79,#23,New York Knicks,C,04/01/98,2.13,101.2,1559712,USA,2018,2,36,,NBA2k20
106,Terrence Ross,79,#8,Orlando Magic,G,02/05/91,1.98,93.4,12500000,USA,2012,1,8,Washington,NBA2k20
107,Tristan Thompson,79,#13,Cleveland Cavaliers,F,03/13/91,2.06,102.1,18539130,Canada,2011,1,4,Texas,NBA2k20
108,PJ Tucker,79,#17,Houston Rockets,F,05/05/85,1.96,102.1,8349039,USA,2006,2,35,Texas,NBA2k20
109,Fred VanVleet,79,#23,Toronto Raptors,G,02/25/94,1.85,89.4,9346153,USA,2006,Undrafted,Undrafted,Wichita State,NBA2k20
110,Andrew Wiggins,79,#22,Golden State Warriors,F,02/23/95,2.01,89.4,27504630,Canada,2014,1,1,Kansas,NBA2k20
111,Thaddeus Young,79,#21,Chicago Bulls,F,06/21/88,2.03,99.8,12900000,USA,2007,1,12,Georgia Tech,NBA2k20
112,RJ Barrett,78,#9,New York Knicks,G,06/14/00,1.98,91.6,7839960,Canada,2019,1,3,Duke,NBA2k20
113,Ricky Rubio,78,#11,Phoenix Suns,G,10/21/90,1.91,81.6,16200000,Spain,2009,1,5,,NBA2k20
114,Will Barton,78,#5,Denver Nuggets,G,01/06/91,1.96,79.4,12776786,USA,2012,2,40,Memphis,NBA2k20
115,Bogdan Bogdanovic,78,#8,Sacramento Kings,G,08/18/92,1.98,93.0,8529386,Serbia,2014,1,27,,NBA2k20
116,Thomas Bryant,78,#13,Washington Wizards,F-C,07/31/97,2.08,109.3,8000000,USA,2017,2,42,Indiana,NBA2k20
117,Wendell Carter,78,#34,Chicago Bulls,C,04/16/99,2.06,117.5,5201400,USA,2018,1,7,Duke,NBA2k20
118,Jordan Clarkson,78,#8,Utah Jazz,G,06/07/92,1.93,84.4,13437500,Philippines,2014,2,46,Missouri,NBA2k20
119,Evan Fournier,78,#10,Orlando Magic,G,10/29/92,2.01,86.2,17150000,France,2012,1,20,,NBA2k20
120,Eric Gordon,78,#10,Houston Rockets,G,12/25/88,1.91,97.5,14057730,USA,2008,1,7,Indiana,NBA2k20
121,JaMychal Green,78,#4,Los Angeles Clippers,F,06/21/90,2.03,99.8,4767000,USA,2012,Undrafted,Undrafted,Alabama,NBA2k20
122,Joe Harris,78,#12,Brooklyn Nets,G,09/06/91,1.98,97.5,7666667,USA,2014,2,33,Virginia,NBA2k20
123,Andre Iguodala,78,#9,Miami Heat,G-F,01/28/84,1.98,93.9,17185185,USA,2004,1,9,Arizona,NBA2k20
124,Caris LeVert,78,#22,Brooklyn Nets,G,08/25/94,1.98,86.6,2625717,USA,2016,1,20,Michigan,NBA2k20
125,Marcus Morris,78,#0,Los Angeles Clippers,F,09/02/89,2.03,106.6,15000000,USA,2011,1,14,Kansas,NBA2k20
126,Dejounte Murray,78,#5,San Antonio Spurs,G,09/19/96,1.93,77.1,2321735,USA,2016,1,29,Washington,NBA2k20
127,Larry Nance Jr,78,#22,Cleveland Cavaliers,F,01/01/93,2.01,103.0,12727273,USA,2015,1,27,Wyoming,NBA2k20
128,Kelly Olynyk,78,#9,Miami Heat,C,04/19/91,2.11,106.1,12667885,Canada,2013,1,13,Gonzaga,NBA2k20
129,Kelly Oubre,78,#3,Phoenix Suns,F-G,12/09/95,2.01,92.1,15625000,USA,2015,1,15,Kansas,NBA2k20
130,Jabari Parker,78,#0,Sacramento Kings,F,03/15/95,2.03,106.6,6500000,USA,2014,1,2,Duke,NBA2k20
131,Bobby Portis,78,#1,New York Knicks,F-C,02/10/95,2.08,111.6,15000000,USA,2015,1,22,Arkansas,NBA2k20
132,Terry Rozier,78,#3,Charlotte Hornets,G,03/17/94,1.85,86.2,19894737,USA,2015,1,16,Louisville,NBA2k20
133,Dennis Schroeder,78,#17,Oklahoma City Thunder,G,09/15/93,1.85,78.0,15500000,Germany,2013,1,17,,NBA2k20
134,Jeff Teague,78,#0,Atlanta Hawks,G,06/10/88,1.91,82.1,19000000,USA,2009,1,19,Wake Forest,NBA2k20
135,Derrick White,78,#4,San Antonio Spurs,G,07/02/94,1.93,90.7,1948080,USA,2017,1,29,Colorado,NBA2k20
136,Justise Winslow,78,#0,Memphis Grizzlies,F,03/26/96,1.98,100.7,13000000,USA,2015,1,10,Duke,NBA2k20
137,Darius Garland,77,#10,Cleveland Cavaliers,G,06/26/00,1.85,79.4,6400920,USA,2019,1,5,Vanderbilt,NBA2k20
138,De'Andre Hunter,77,#12,Atlanta Hawks,F,12/01/97,2.01,102.1,7068360,USA,2019,1,4,Virginia,NBA2k20
139,Al-Farouq Aminu,77,#2,Orlando Magic,F,09/21/90,2.03,97.5,9258000,Nigeria,2010,1,8,Wake Forest,NBA2k20
140,Mo Bamba,77,#5,Orlando Magic,C,05/12/98,2.13,102.1,5697600,USA,2018,1,6,Texas,NBA2k20
141,Nicolas Batum,77,#5,Charlotte Hornets,F-G,12/14/88,2.06,95.3,25565217,France,2008,1,25,,NBA2k20
142,Malik Beasley,77,#0,Minnesota Timberwolves,G,11/26/96,1.93,89.8,2731713,USA,2016,1,19,Florida State,NBA2k20
143,Nemanja Bjelica,77,#88,Sacramento Kings,F-G,05/09/88,2.08,101.6,6825000,Serbia,2010,2,35,,NBA2k20
144,DeMarre Carroll,77,#0,Houston Rockets,F,07/27/86,1.98,96.2,7339258,USA,2009,1,27,Missouri,NBA2k20
145,Ed Davis,77,#17,Utah Jazz,F,06/05/89,2.06,97.5,4767000,USA,2010,1,13,North Carolina,NBA2k20
146,Taj Gibson,77,#67,New York Knicks,F,06/24/85,2.06,102.1,9000000,USA,2009,1,26,USC,NBA2k20
147,Jerami Grant,77,#9,Denver Nuggets,F,03/12/94,2.03,97.1,9346153,USA,2014,2,39,Syracuse,NBA2k20
148,Danny Green,77,#14,Los Angeles Lakers,G,06/22/87,1.98,94.8,14634147,USA,2009,2,46,North Carolina,NBA2k20
149,Tim Hardaway Jr,77,#11,Dallas Mavericks,G,03/16/92,1.96,90.3,20025127,USA,2013,1,24,Michigan,NBA2k20
150,Alex Len,77,#0,Sacramento Kings,C,06/16/93,2.13,102.1,4160000,Ukraine,2013,1,5,Maryland,NBA2k20
151,Kevon Looney,77,#5,Golden State Warriors,F,02/06/96,2.06,100.7,4464286,USA,2015,1,30,UCLA,NBA2k20
152,Monte Morris,77,#11,Denver Nuggets,G,06/27/95,1.88,79.4,1588231,USA,2017,2,51,Iowa State,NBA2k20
153,Nerlens Noel,77,#9,Oklahoma City Thunder,F-C,04/10/94,2.08,93.4,1882867,USA,2013,1,6,Kentucky,NBA2k20
154,Mason Plumlee,77,#24,Denver Nuggets,C-F,03/05/90,2.11,108.0,14041096,USA,2013,1,22,Duke,NBA2k20
155,Jakob Poeltl,77,#25,San Antonio Spurs,C-F,10/15/95,2.16,108.4,3754885,Austria,2016,1,9,Utah,NBA2k20
156,Dwight Powell,77,#7,Dallas Mavericks,F-C,07/20/91,2.08,106.1,10259375,Canada,2014,2,45,Stanford,NBA2k20
157,Taurean Prince,77,#2,Brooklyn Nets,F,03/22/94,2.01,99.8,3481985,USA,2016,1,12,Baylor,NBA2k20
158,Dario Saric,77,#20,Phoenix Suns,F,04/08/94,2.08,98.0,3481985,Croatia,2014,1,12,,NBA2k20
159,Collin Sexton,77,#2,Cleveland Cavaliers,G,01/04/99,1.85,86.2,4764960,USA,2018,1,8,Alabama,NBA2k20
160,Dennis Smith,77,#5,New York Knicks,G,11/25/97,1.88,88.5,4463640,USA,2017,1,9,NC State,NBA2k20
161,Cody Zeller,77,#40,Charlotte Hornets,C-F,10/05/92,2.13,104.3,14471910,USA,2013,1,4,Indiana,NBA2k20
162,Ivica Zubac,77,#40,Los Angeles Clippers,C,03/18/97,2.13,120.2,6481482,Croatia,2016,2,32,,NBA2k20
163,Jarrett Culver,77,#23,Minnesota Timberwolves,G,02/20/99,1.98,88.5,5813640,USA,2019,1,6,Texas Tech,NBA2k20
164,Willy Hernangomez,76,#9,Charlotte Hornets,C-F,05/27/94,2.11,115.7,1676735,Spain,2015,2,35,,NBA2k20
165,Trevor Ariza,76,#0,Portland Trail Blazers,F-G,06/30/85,2.03,95.3,12200000,USA,2004,2,43,UCLA,NBA2k20
166,DJ Augustin,76,#14,Orlando Magic,G,11/10/87,1.8,81.6,7250000,USA,2008,1,9,Texas,NBA2k20
167,Jose Juan Barea,76,#5,Dallas Mavericks,G,06/26/84,1.78,79.4,2564753,Puerto Rico,2006,Undrafted,Undrafted,Northeastern,NBA2k20
168,Michael Beasley,76,#0,,F,01/09/89,2.08,106.6,3500000,USA,2008,1,2,Kansas State,NBA2k20
169,Davis Bertans,76,#42,Washington Wizards,F,11/12/92,2.08,95.7,7000000,Latvia,2011,2,42,,NBA2k20
170,Avery Bradley,76,#11,Los Angeles Lakers,G,11/26/90,1.91,88.5,6767000,USA,2010,1,19,Texas,NBA2k20
171,Miles Bridges,76,#0,Charlotte Hornets,F,03/21/98,1.98,102.1,3755400,USA,2018,1,12,Michigan State,NBA2k20
172,Jalen Brunson,76,#13,Dallas Mavericks,G,08/31/96,1.85,86.2,1416852,USA,2018,2,33,Villanova,NBA2k20
173,Kentavious Caldwell-Pope,76,#1,Los Angeles Lakers,G,02/18/93,1.96,92.5,8089282,USA,2013,1,8,Georgia,NBA2k20
174,Jae Crowder,76,#99,Miami Heat,F,07/06/90,1.98,106.6,7815533,USA,2012,2,34,Marquette,NBA2k20
175,Dewayne Dedmon,76,#0,Atlanta Hawks,C,08/12/89,2.13,108.4,13333334,USA,2013,Undrafted,Undrafted,USC,NBA2k20
176,Gorgui Dieng,76,#0,Memphis Grizzlies,C,01/18/90,2.08,104.3,16229213,Senegal,2013,1,21,Louisville,NBA2k20
177,Gerald Green,76,#0,,F-G,01/26/86,1.98,87.1,2564753,USA,2005,1,18,,NBA2k20
178,Jeff Green,76,#34,Houston Rockets,F,08/28/86,2.03,106.6,3405180,USA,2007,1,5,Georgetown,NBA2k20
179,Rodney Hood,76,#5,Portland Trail Blazers,F,10/20/92,2.03,94.3,5718000,USA,2014,1,23,Duke,NBA2k20
180,Kevin Huerter,76,#3,Atlanta Hawks,G,08/27/98,2.01,86.2,2636280,USA,2018,1,19,Maryland,NBA2k20
181,Ersan Ilyasova,76,#7,Milwaukee Bucks,F,05/15/87,2.06,106.6,7000000,Turkey,2005,2,36,,NBA2k20
182,Jonathan Isaac,76,#1,Orlando Magic,F,10/03/97,2.11,93.0,5806440,USA,2017,1,6,Florida State,NBA2k20
183,Josh Jackson,76,#20,Memphis Grizzlies,F,02/10/97,2.03,92.1,7059480,USA,2017,1,4,Kansas,NBA2k20
184,Frank Kaminsky,76,#8,Phoenix Suns,F-C,04/04/93,2.13,104.8,4767000,USA,2015,1,9,Wisconsin,NBA2k20
185,Michael Kidd-Gilchrist,76,#0,Dallas Mavericks,F,09/26/93,1.98,105.2,12784359,USA,2012,1,2,Kentucky,NBA2k20
186,Kevin Knox,76,#20,New York Knicks,F,08/11/99,2.01,97.5,4380120,USA,2018,1,9,Kentucky,NBA2k20
187,Meyers Leonard,76,#0,Miami Heat,C,02/27/92,2.13,111.1,11286515,USA,2012,1,11,Illinois,NBA2k20
188,Wesley Matthews,76,#9,Milwaukee Bucks,G,10/14/86,1.93,99.8,2564753,USA,2009,Undrafted,Undrafted,Marquette,NBA2k20
189,Emmanuel Mudiay,76,#8,Utah Jazz,G,03/05/96,1.91,86.2,1737145,Democratic Republic of the Congo,2015,1,7,,NBA2k20
190,Jahlil Okafor,76,#8,New Orleans Pelicans,C,12/15/95,2.08,122.5,1702486,USA,2015,1,3,Duke,NBA2k20
191,Elfrid Payton,76,#6,New York Knicks,G,02/22/94,1.91,83.9,8000000,USA,2014,1,10,Louisiana,NBA2k20
192,Michael Porter,76,#1,Denver Nuggets,F,06/29/98,2.08,97.5,3389400,USA,2018,1,14,Missouri,NBA2k20
193,Austin Rivers,76,#25,Houston Rockets,G,08/01/92,1.91,90.7,2174310,USA,2012,1,10,Duke,NBA2k20
194,Andre Roberson,76,#21,Oklahoma City Thunder,G-F,12/04/91,2.01,93.4,10740740,USA,2013,1,26,Colorado,NBA2k20
195,Rajon Rondo,76,#9,Los Angeles Lakers,G,02/22/86,1.85,84.4,2564753,USA,2006,1,21,Kentucky,NBA2k20
196,Landry Shamet,76,#20,Los Angeles Clippers,G,03/13/97,1.93,81.6,1995120,USA,2018,1,26,Wichita State,NBA2k20
197,Daniel Theis,76,#27,Boston Celtics,C,04/04/92,2.03,97.5,5000000,Germany,2013,Undrafted,Undrafted,,NBA2k20
198,Isaiah Thomas,76,#0,,G,02/07/89,1.75,83.9,2320044,USA,2011,2,60,Washington,NBA2k20
199,Dion Waiters,76,#11,Los Angeles Lakers,G,12/10/91,1.91,95.3,12475385,USA,2012,1,4,Syracuse,NBA2k20
200,Marvin Williams,76,#2,Milwaukee Bucks,F,06/19/86,2.03,108.9,14654179,USA,2005,1,2,North Carolina,NBA2k20
201,Delon Wright,76,#55,Dallas Mavericks,G,04/26/92,1.96,82.1,9473684,USA,2015,1,20,Utah,NBA2k20
202,Coby White,76,#0,Chicago Bulls,G,02/16/00,1.93,83.9,5307120,USA,2019,1,7,North Carolina,NBA2k20
203,Pau Gasol,75,#0,,C,07/06/80,2.16,113.4,5538540,Spain,2001,1,3,,NBA2k20
204,Aron Baynes,75,#46,Phoenix Suns,C,12/09/86,2.08,117.9,5453280,Australia,2009,Undrafted,Undrafted,Washington State,NBA2k20
205,Kent Bazemore,75,#26,Sacramento Kings,G,07/01/89,1.93,88.5,19269663,USA,2012,Undrafted,Undrafted,Old Dominion,NBA2k20
206,Marco Belinelli,75,#18,San Antonio Spurs,G,03/25/86,1.96,90.7,5846154,Italy,2007,1,18,,NBA2k20
207,Bismack Biyombo,75,#8,Charlotte Hornets,C,08/28/92,2.03,103.9,17000000,Democratic Republic of the Congo,2011,1,7,,NBA2k20
208,Mikal Bridges,75,#25,Phoenix Suns,F-G,08/30/96,1.98,94.8,4161000,USA,2018,1,10,Villanova,NBA2k20
209,Wilson Chandler,75,#21,Brooklyn Nets,F-G,05/10/87,2.03,102.1,2564753,USA,2007,1,23,DePaul,NBA2k20
210,Damyean Dotson,75,#21,New York Knicks,G,05/06/94,1.96,91.6,1618520,USA,2017,2,44,Houston,NBA2k20
211,Kris Dunn,75,#32,Chicago Bulls,G,03/18/94,1.91,93.0,5348007,USA,2016,1,5,Providence,NBA2k20
212,Wayne Ellington,75,#2,New York Knicks,G,11/29/87,1.93,90.7,8000000,USA,2009,1,28,North Carolina,NBA2k20
213,Bryn Forbes,75,#11,San Antonio Spurs,G,07/23/93,1.88,84.8,2875000,USA,2016,Undrafted,Undrafted,Michigan State,NBA2k20
214,Josh Hart,75,#3,New Orleans Pelicans,G,03/06/95,1.96,92.5,1934160,USA,2017,1,30,Villanova,NBA2k20
215,John Henson,75,#31,Detroit Pistons,F,12/28/90,2.06,99.8,9732396,USA,2012,1,14,North Carolina,NBA2k20
216,Mario Hezonja,75,#44,Portland Trail Blazers,F-G,02/25/95,2.03,91.2,1737145,Croatia,2015,1,5,,NBA2k20
217,George Hill,75,#3,Milwaukee Bucks,G,05/04/86,1.91,81.6,10133907,USA,2008,1,26,IUPUI,NBA2k20
218,Rondae Hollis-Jefferson,75,#4,Toronto Raptors,F,01/03/95,1.98,95.7,2500000,USA,2015,1,23,Arizona,NBA2k20
219,Richaun Holmes,75,#22,Sacramento Kings,F,10/15/93,2.08,110.2,4767000,USA,2015,2,37,Bowling Green,NBA2k20
220,James Johnson,75,#0,Minnesota Timberwolves,F,02/20/87,2.01,111.1,15349400,USA,2009,1,16,Wake Forest,NBA2k20
221,Luke Kennard,75,#5,Detroit Pistons,G,06/24/96,1.96,88.9,3827160,USA,2017,1,12,Duke,NBA2k20
222,Kyle Korver,75,#26,Milwaukee Bucks,F,03/17/81,2.01,96.2,6004753,USA,2003,2,51,Creighton,NBA2k20
223,Rodions Kurucs,75,#0,Brooklyn Nets,F,02/05/98,2.06,97.5,1699236,Latvia,2018,2,40,,NBA2k20
224,Jake Layman,75,#10,Minnesota Timberwolves,F,03/07/94,2.03,94.8,3581986,USA,2016,2,47,Maryland,NBA2k20
225,Robin Lopez,75,#42,Milwaukee Bucks,C,04/01/88,2.13,115.7,4767000,USA,2008,1,15,Stanford,NBA2k20
226,Trey Lyles,75,#41,San Antonio Spurs,F,11/05/95,2.06,109.3,5500000,Canada,2015,1,12,Kentucky,NBA2k20
227,Boban Marjanovic,75,#51,Dallas Mavericks,C,08/15/88,2.24,131.5,3500000,Serbia,2010,Undrafted,Undrafted,,NBA2k20
228,TJ McConnell,75,#9,Indiana Pacers,G,03/25/92,1.85,90.7,3500000,USA,2015,Undrafted,Undrafted,Arizona,NBA2k20
229,Patrick Mills,75,#8,San Antonio Spurs,G,08/11/88,1.85,83.9,12678571,Australia,2009,2,55,Saint Mary's,NBA2k20
230,Malik Monk,75,#1,Charlotte Hornets,G,02/04/98,1.91,89.4,4028400,USA,2017,1,11,Kentucky,NBA2k20
231,Markieff Morris,75,#88,Los Angeles Lakers,F,09/02/89,2.03,111.1,3709887,USA,2011,1,13,Kansas,NBA2k20
232,Shabazz Napier,75,#0,Washington Wizards,G,07/14/91,1.83,79.4,1845301,USA,2014,1,24,UConn,NBA2k20
233,Cedi Osman,75,#16,Cleveland Cavaliers,F-G,04/08/95,2.01,97.5,2907143,Turkey,2015,2,31,,NBA2k20
234,Tomas Satoransky,75,#31,Chicago Bulls,G,10/30/91,2.01,89.8,10000000,Czech,2012,2,32,,NBA2k20
235,Mike Scott,75,#1,Philadelphia 76ers,F,07/16/88,2.01,107.5,4767000,USA,2012,2,43,Virginia,NBA2k20
236,Noah Vonleh,75,#0,Denver Nuggets,F,08/24/95,2.08,112.0,2000000,USA,2014,1,9,Indiana,NBA2k20
237,Allonzo Trier,75,#0,,G-F,01/17/96,1.93,90.7,3551100,USA,2018,Undrafted,Undrafted,Arizona,NBA2k20
238,Juan Hernangomez,74,#41,Minnesota Timberwolves,F,09/28/95,2.06,99.8,3321029,Spain,2016,1,15,,NBA2k20
239,Kyle Anderson,74,#1,Memphis Grizzlies,F,09/20/93,2.06,104.3,9073050,USA,2014,1,30,UCLA,NBA2k20
240,Jordan Bell,74,#0,Cleveland Cavaliers,F-C,01/07/95,2.03,101.6,1870564,USA,2017,2,38,Oregon,NBA2k20
241,Khem Birch,74,#24,Orlando Magic,C,09/28/92,2.06,94.8,3000000,Canada,2014,Undrafted,Undrafted,UNLV,NBA2k20
242,Dillon Brooks,74,#24,Memphis Grizzlies,G-F,01/22/96,2.01,102.1,1618520,Canada,2017,2,45,Oregon,NBA2k20
243,Reggie Bullock,74,#25,New York Knicks,G,03/16/91,1.98,90.7,4000000,USA,2013,1,25,North Carolina,NBA2k20
244,Zach Collins,74,#33,Portland Trail Blazers,C,11/17/97,2.11,105.2,4240200,USA,2017,1,10,Gonzaga,NBA2k20
245,Pat Connaughton,74,#24,Milwaukee Bucks,G,01/06/93,1.96,97.5,1723050,USA,2015,2,41,Notre Dame,NBA2k20
246,Quinn Cook,74,#2,Los Angeles Lakers,G,03/23/93,1.85,81.6,3000000,USA,2015,Undrafted,Undrafted,Duke,NBA2k20
247,Torrey Craig,74,#3,Denver Nuggets,G,12/19/90,2.01,97.5,2000000,USA,2014,Undrafted,Undrafted,USC Upstate,NBA2k20
248,Seth Curry,74,#30,Dallas Mavericks,G,08/23/90,1.88,81.6,7461380,USA,2013,Undrafted,Undrafted,Duke,NBA2k20
249,Cheick Diallo,74,#14,Phoenix Suns,F-C,09/13/96,2.03,99.3,1678854,Mali,2016,2,33,Kansas,NBA2k20
250,Yogi Ferrell,74,#3,Sacramento Kings,G,05/09/93,1.83,80.7,3150000,USA,2016,Undrafted,Undrafted,Indiana,NBA2k20
251,Markelle Fultz,74,#20,Orlando Magic,G,05/29/98,1.91,88.5,9745200,USA,2017,1,1,Washington,NBA2k20
252,Harry Giles,74,#20,Sacramento Kings,F-C,04/22/98,2.11,105.2,2578800,USA,2017,1,20,Duke,NBA2k20
253,Moe Harkless,74,#0,New York Knicks,F,05/11/93,2.01,94.3,11011234,USA,2012,1,15,St. John's,NBA2k20
254,Justin Jackson,74,#44,Dallas Mavericks,F-G,03/28/95,2.01,91.2,3280920,USA,2017,1,15,North Carolina,NBA2k20
255,Tyler Johnson,74,#0,Brooklyn Nets,G,05/07/92,1.91,84.4,19428485,USA,2014,Undrafted,Undrafted,Fresno State,NBA2k20
256,Derrick Jones,74,#5,Miami Heat,F,02/15/97,1.98,88.5,1645357,USA,2016,Undrafted,Undrafted,UNLV,NBA2k20
257,Cory Joseph,74,#9,Sacramento Kings,G,08/20/91,1.91,83.9,12000000,Canada,2011,1,29,Texas,NBA2k20
258,Maxi Kleber,74,#42,Dallas Mavericks,F-C,01/29/92,2.08,95.7,8000000,Germany,2014,Undrafted,Undrafted,,NBA2k20
259,TJ Leaf,74,#22,Indiana Pacers,F-C,04/30/97,2.08,100.7,2813280,Israel,2017,1,18,UCLA,NBA2k20
260,Doug McDermott,74,#20,Indiana Pacers,F,01/03/92,2.01,98.9,7333333,USA,2014,1,11,Creighton,NBA2k20
261,E'Twaun Moore,74,#55,New Orleans Pelicans,G,02/25/89,1.91,86.6,8664928,USA,2011,2,55,Purdue,NBA2k20
262,Joakim Noah,74,#0,Los Angeles Clippers,C,02/25/85,2.11,103.0,6813026,USA,2007,1,9,Florida,NBA2k20
263,Kyle O'Quinn,74,#9,Philadelphia 76ers,F-C,03/26/90,2.06,108.9,2174318,USA,2012,2,49,Norfolk State,NBA2k20
264,Chandler Parsons,74,#0,,F,10/25/88,2.06,90.7,25102512,USA,2011,2,38,Florida,NBA2k20
265,Norman Powell,74,#24,Toronto Raptors,G,05/25/93,1.91,97.5,10116576,USA,2015,2,46,UCLA,NBA2k20
266,Ivan Rabb,74,#0,,F-C,02/04/97,2.08,99.8,451326,USA,2017,2,35,California,NBA2k20
267,Glenn Robinson III,74,#22,Golden State Warriors,F,01/08/94,1.98,95.7,1882867,USA,2014,2,40,Michigan,NBA2k20
268,Denzel Valentine,74,#45,Chicago Bulls,G,11/16/93,1.93,95.3,3377568,USA,2016,1,14,Michigan State,NBA2k20
269,Robert Williams,74,#44,Boston Celtics,F-C,10/17/97,2.03,107.5,1937520,USA,2018,1,27,Texas A&M,NBA2k20
270,Christian Wood,74,#35,Detroit Pistons,F,09/27/95,2.08,98.0,1645357,USA,2015,Undrafted,Undrafted,UNLV,NBA2k20
271,Jaxson Hayes,74,#10,New Orleans Pelicans,F-C,05/23/00,2.11,99.8,4862040,USA,2019,1,8,Texas,NBA2k20
272,Rui Hachimura,74,#8,Washington Wizards,F,02/08/98,2.03,102.1,4469160,Japan,2019,1,9,Gonzaga,NBA2k20
273,OG Anunoby,73,#3,Toronto Raptors,F-G,07/17/97,2.01,105.2,2281800,United Kingdom,2017,1,23,Indiana,NBA2k20
274,Dwayne Bacon,73,#7,Charlotte Hornets,G,08/30/95,1.98,99.8,1618520,USA,2017,2,40,Florida State,NBA2k20
275,DeAndre Bembry,73,#95,Atlanta Hawks,F,07/04/94,1.96,93.9,2603981,USA,2016,1,21,Saint Joseph's,NBA2k20
276,Jonah Bolden,73,#0,Phoenix Suns,F,01/02/96,2.03,97.5,1788296,Australia,2017,2,36,UCLA,NBA2k20
277,Sterling Brown,73,#23,Milwaukee Bucks,G,02/10/95,1.96,104.3,1618520,USA,2017,2,46,SMU,NBA2k20
278,Bruce Brown,73,#6,Detroit Pistons,G,08/15/96,1.93,86.2,1416852,USA,2018,2,42,Miami (Florida),NBA2k20
279,Troy Brown,73,#6,Washington Wizards,F-G,07/28/99,1.98,97.5,3219480,USA,2018,1,15,Oregon,NBA2k20
280,Alec Burks,73,#0,Philadelphia 76ers,G,07/20/91,1.98,88.5,2320044,USA,2011,1,12,Colorado,NBA2k20
281,Alex Caruso,73,#4,Los Angeles Lakers,G,02/28/94,1.96,84.4,2750000,USA,2016,Undrafted,Undrafted,Texas A&M,NBA2k20
282,Tyson Chandler,73,#19,Houston Rockets,C,10/02/82,2.13,106.6,2564753,USA,2001,1,2,,NBA2k20
283,Allen Crabbe,73,#0,,G-F,04/09/92,1.96,89.4,17818456,USA,2013,2,31,California,NBA2k20
284,Matthew Dellavedova,73,#18,Cleveland Cavaliers,G,09/08/90,1.91,86.2,9607500,Australia,2013,Undrafted,Undrafted,Saint Mary's,NBA2k20
285,James Ennis,73,#0,Orlando Magic,F,07/01/90,1.98,91.2,1882867,USA,2013,2,50,Long Beach State,NBA2k20
286,Dorian Finney-Smith,73,#10,Dallas Mavericks,F,05/04/93,2.01,96.6,4000000,USA,2016,Undrafted,Undrafted,Florida,NBA2k20
287,Shaquille Harrison,73,#3,Chicago Bulls,G,10/06/93,2.01,86.2,1620564,USA,2016,Undrafted,Undrafted,Tulsa,NBA2k20
288,Aaron Holiday,73,#3,Indiana Pacers,G,09/30/96,1.83,83.9,2239200,USA,2018,1,23,UCLA,NBA2k20
289,Danuel House,73,#4,Houston Rockets,F,06/07/93,1.98,99.8,3540000,USA,2016,Undrafted,Undrafted,Texas A&M,NBA2k20
290,Stanley Johnson,73,#5,Toronto Raptors,F,05/29/96,1.98,109.8,3623000,USA,2015,1,8,Arizona,NBA2k20
291,Tyus Jones,73,#21,Memphis Grizzlies,G,05/10/96,1.83,83.9,10116000,USA,2015,1,24,Duke,NBA2k20
292,Furkan Korkmaz,73,#30,Philadelphia 76ers,F,06/27/97,2.01,83.9,1620564,Turkey,2016,1,26,,NBA2k20
293,Ian Mahinmi,73,#28,Washington Wizards,C,11/05/86,2.11,104.3,15450051,France,2005,1,28,,NBA2k20
294,CJ Miles,73,#0,,G-F,03/18/87,1.98,105.2,8730158,USA,2005,2,34,,NBA2k20
295,Mike Muscala,73,#33,Oklahoma City Thunder,F-C,07/01/91,2.08,104.3,2028594,USA,2013,2,44,Bucknell,NBA2k20
296,Frank Ntilikina,73,#11,New York Knicks,G,07/28/98,1.93,86.2,4855800,France,2017,1,8,,NBA2k20
297,David Nwaba,73,#0,Houston Rockets,G,01/14/93,1.96,95.3,2581965,USA,2016,Undrafted,Undrafted,Cal Poly,NBA2k20
298,Royce O'Neale,73,#23,Utah Jazz,F,06/05/93,1.93,102.5,1618520,USA,2015,Undrafted,Undrafted,Baylor,NBA2k20
299,Semi Ojeleye,73,#37,Boston Celtics,F,12/05/94,1.98,106.6,1618520,USA,2017,2,37,SMU,NBA2k20
300,Josh Okogie,73,#20,Minnesota Timberwolves,G,09/01/98,1.93,96.6,2530680,Nigeria,2018,1,20,Georgia Tech,NBA2k20
301,Jonathon Simmons,73,#0,,G-F,09/14/89,1.98,88.5,1000000,USA,2012,Undrafted,Undrafted,Houston,NBA2k20
302,Ishmael Smith,73,#14,Washington Wizards,G,07/05/88,1.83,79.4,6000000,USA,2010,Undrafted,Undrafted,Wake Forest,NBA2k20
303,Tony Snell,73,#17,Detroit Pistons,F,11/10/91,1.98,89.8,11392857,USA,2013,1,20,New Mexico,NBA2k20
304,Omari Spellman,73,#0,Minnesota Timberwolves,F,07/21/97,2.03,111.1,1897800,USA,2018,1,30,Villanova,NBA2k20
305,Garrett Temple,73,#17,Brooklyn Nets,G-F,05/08/86,1.96,88.5,4767000,USA,2009,Undrafted,Undrafted,LSU,NBA2k20
306,Evan Turner,73,#1,Minnesota Timberwolves,G-F,10/27/88,1.98,93.0,18606556,USA,2010,1,2,Ohio State,NBA2k20
307,Lonnie Walker,73,#1,San Antonio Spurs,G,12/14/98,1.96,92.5,2764200,USA,2018,1,18,Miami (Florida),NBA2k20
308,Brad Wanamaker,73,#9,Boston Celtics,G,07/25/89,1.91,95.3,1445697,USA,2011,Undrafted,Undrafted,Pittsburgh,NBA2k20
309,Ante Zizic,73,#41,Cleveland Cavaliers,C,01/04/97,2.08,113.4,2281800,Croatia,2016,1,23,,NBA2k20
310,Tyler Herro,73,#14,Miami Heat,G,01/20/00,1.96,88.5,3640200,USA,2019,1,13,Kentucky,NBA2k20
311,Vincent Poirier,73,#77,Boston Celtics,C,10/17/93,2.13,106.6,2505793,France,2015,Undrafted,Undrafted,,NBA2k20
312,Sekou Doumbouya,73,#45,Detroit Pistons,F,12/23/00,2.03,94.8,3285120,France,2019,1,15,,NBA2k20
313,Brandon Clarke,73,#15,Memphis Grizzlies,F,09/19/96,2.03,97.5,2478840,Canada,2019,1,21,Gonzaga,NBA2k20
314,Nicolo Melli,73,#20,New Orleans Pelicans,F,01/26/91,2.06,107.0,4102564,Italy,2013,Undrafted,Undrafted,,NBA2k20
315,Nassir Little,73,#9,Portland Trail Blazers,F,02/11/00,1.96,99.8,2105520,USA,2019,1,25,North Carolina,NBA2k20
316,Grayson Allen,72,#3,Memphis Grizzlies,G,10/08/95,1.93,93.0,2429400,USA,2018,1,21,Duke,NBA2k20
317,Antonio Blakeney,72,#0,,G-F,10/04/96,1.93,89.4,1488231,USA,2017,Undrafted,Undrafted,LSU,NBA2k20
318,Michael Carter-Williams,72,#7,Orlando Magic,G,10/10/91,1.96,83.5,2028594,USA,2013,1,11,Syracuse,NBA2k20
319,Troy Daniels,72,#30,Denver Nuggets,G,07/15/91,1.93,90.7,2487033,USA,2013,Undrafted,Undrafted,VCU,NBA2k20
320,Donte DiVincenzo,72,#0,Milwaukee Bucks,G,01/31/97,1.93,93.0,2905800,USA,2018,1,17,Villanova,NBA2k20
321,Jared Dudley,72,#10,Los Angeles Lakers,F,07/10/85,1.98,102.1,2564753,USA,2007,1,22,Boston College,NBA2k20
322,Cristiano Felicio,72,#6,Chicago Bulls,F,07/07/92,2.08,122.5,8156500,Brazil,2014,Undrafted,Undrafted,,NBA2k20
323,Tim Frazier,72,#0,,G,11/01/90,1.83,77.1,1620564,USA,2014,Undrafted,Undrafted,Penn State,NBA2k20
324,Langston Galloway,72,#9,Detroit Pistons,G,12/09/91,1.85,91.6,7333333,USA,2014,Undrafted,Undrafted,Saint Joseph's,NBA2k20
325,Justin Holiday,72,#8,Indiana Pacers,G,04/05/89,1.98,81.6,4767000,USA,2011,Undrafted,Undrafted,Washington,NBA2k20
326,Chandler Hutchison,72,#15,Chicago Bulls,F,04/26/96,2.01,88.9,2332320,USA,2018,1,22,Boise State,NBA2k20
327,Wesley Iwundu,72,#25,Orlando Magic,F,12/20/94,1.98,93.0,1618520,USA,2017,2,33,Kansas State,NBA2k20
328,Brandon Knight,72,#0,Detroit Pistons,G,12/02/91,1.88,85.7,15643750,USA,2011,1,8,Kentucky,NBA2k20
329,Courtney Lee,72,#1,Dallas Mavericks,G-F,10/03/85,1.96,90.7,12759670,USA,2008,1,22,Western Kentucky,NBA2k20
330,Thon Maker,72,#7,Detroit Pistons,F-C,02/25/97,2.13,98.0,3569643,Australia,2016,1,10,,NBA2k20
331,Patrick McCaw,72,#22,Toronto Raptors,G,10/25/95,2.01,82.1,4000000,USA,2016,2,38,UNLV,NBA2k20
332,Rodney McGruder,72,#19,Los Angeles Clippers,G,07/29/91,1.93,93.0,4807693,USA,2013,Undrafted,Undrafted,Kansas State,NBA2k20
333,Darius Miller,72,#21,New Orleans Pelicans,F,03/21/90,1.98,102.1,7250000,USA,2012,2,46,Kentucky,NBA2k20
334,Raul Neto,72,#19,Philadelphia 76ers,G,05/19/92,1.85,77.1,1737145,Brazil,2013,2,47,,NBA2k20
335,Georges Niang,72,#31,Utah Jazz,F,06/17/93,2.01,104.3,1645357,USA,2016,2,50,Iowa State,NBA2k20
336,Cameron Payne,72,#0,Phoenix Suns,G,08/08/94,1.88,81.6,346288,USA,2015,1,14,Murray State,NBA2k20
337,Anfernee Simons,72,#1,Portland Trail Blazers,G,06/08/99,1.91,82.1,2149560,USA,2018,1,24,,NBA2k20
338,Zhaire Smith,72,#8,Philadelphia 76ers,G-F,06/04/99,1.91,93.0,3058800,USA,2018,1,16,Texas Tech,NBA2k20
339,Anthony Tolliver,72,#0,Memphis Grizzlies,F,06/01/85,2.03,108.9,2854556,USA,2007,Undrafted,Undrafted,Creighton,NBA2k20
340,DJ Wilson,72,#5,Milwaukee Bucks,F,02/19/96,2.08,106.1,2961120,USA,2017,1,17,Michigan,NBA2k20
341,Alfonzo McKinnie,72,#0,Cleveland Cavaliers,F,09/17/92,2.03,97.5,2391985,USA,2015,Undrafted,Undrafted,Green Bay,NBA2k20
342,Romeo Langford,72,#45,Boston Celtics,G,10/25/99,1.93,98.0,3458400,USA,2019,1,14,Indiana,NBA2k20
343,Grant Williams,72,#12,Boston Celtics,F,11/30/98,1.98,107.0,2379840,USA,2019,1,22,Tennessee,NBA2k20
344,Nicolas Claxton,72,#0,Brooklyn Nets,C,04/17/90,2.11,97.5,898310,USA,2019,2,31,Georgia,NBA2k20
345,PJ Washington,72,#25,Charlotte Hornets,F,08/23/98,2.01,102.1,3831840,USA,2019,1,12,Kentucky,NBA2k20
346,Ryan Arcidiacono,72,#51,Chicago Bulls,G,03/26/94,1.91,88.5,3000000,Italy,2016,Undrafted,Undrafted,Villanova,NBA2k20
347,Kevin Porter,72,#4,Cleveland Cavaliers,G-F,05/04/00,1.93,98.9,1290960,USA,2019,1,30,USC,NBA2k20
348,Ryan Broekhoff,72,#0,Philadelphia 76ers,F,08/23/90,1.98,97.5,2833704,Australia,2013,Undrafted,Undrafted,Valparaiso,NBA2k20
349,Goga Bitadze,72,#88,Indiana Pacers,C,07/20/99,2.11,113.4,2816760,Georgia,2019,1,18,,NBA2k20
350,De'Anthony Melton,72,#0,Memphis Grizzlies,G,05/28/98,1.88,86.2,1416852,USA,2018,2,46,USC,NBA2k20
351,Kenrich Williams,72,#34,New Orleans Pelicans,G-F,12/02/94,1.98,95.3,1416852,USA,2018,Undrafted,Undrafted,TCU,NBA2k20
352,Nickeil Alexander-Walker,72,#0,New Orleans Pelicans,G,09/02/98,1.96,93.0,2964840,Canada,2019,1,17,Virginia Tech,NBA2k20
353,Chuma Okeke,72,#3,,F-C,08/18/98,2.03,104.0,2773550,USA,2019,1,16,Auburn,NBA2k20
354,Matisse Thybulle,72,#22,Philadelphia 76ers,G-F,03/04/97,1.96,91.2,2582160,USA,2019,1,20,Washington,NBA2k20
355,Cameron Johnson,72,#23,Phoenix Suns,F,03/03/96,2.03,95.3,4033440,USA,2019,1,11,North Carolina,NBA2k20
356,Ty Jerome,72,#10,Phoenix Suns,G,07/08/97,1.96,88.5,2193480,USA,2019,1,24,Virginia,NBA2k20
357,Luka Samanic,72,#19,San Antonio Spurs,F,01/09/00,2.08,94.8,2689920,Croatia,2019,1,19,,NBA2k20
358,Keldon Johnson,72,#3,San Antonio Spurs,F,10/11/99,1.96,95.7,1950600,USA,2019,1,29,Kentucky,NBA2k20
359,Matt Thomas,72,#21,Toronto Raptors,G,08/04/94,1.93,89.4,898310,USA,2017,Undrafted,Undrafted,Iowa State,NBA2k20
360,Chris Boucher,71,#25,Toronto Raptors,F-C,01/11/93,2.06,90.7,1588231,Canada,2017,Undrafted,Undrafted,Oregon,NBA2k20
361,Jevon Carter,71,#4,Phoenix Suns,G,09/14/95,1.85,90.7,1416852,USA,2018,2,32,West Virginia,NBA2k20
362,Deyonta Davis,71,#0,,F-C,12/02/96,2.08,108.9,250000,USA,2016,2,31,Michigan State,NBA2k20
363,Jacob Evans,71,#0,Minnesota Timberwolves,G,06/18/97,1.93,95.3,1925880,USA,2018,1,28,Cincinnati,NBA2k20
364,Terrance Ferguson,71,#23,Oklahoma City Thunder,G,05/17/98,1.98,83.5,2475840,USA,2017,1,21,,NBA2k20
365,Daniel Gafford,71,#12,Chicago Bulls,F,10/01/98,2.08,106.1,898310,USA,2019,2,38,Arkansas,NBA2k20
366,Treveon Graham,71,#12,Atlanta Hawks,G,10/28/93,1.96,99.3,1645357,USA,2015,Undrafted,Undrafted,VCU,NBA2k20
367,Frank Jackson,71,#15,New Orleans Pelicans,G,05/04/98,1.91,93.0,1618520,USA,2017,2,31,Duke,NBA2k20
368,Luke Kornet,71,#2,Chicago Bulls,C,07/15/95,2.18,108.9,2250000,USA,2017,Undrafted,Undrafted,Vanderbilt,NBA2k20
369,Frank Mason,71,#15,Milwaukee Bucks,G,04/13/94,1.8,86.2,79568,USA,2017,2,34,Kansas,NBA2k20
370,Ben McLemore,71,#16,Houston Rockets,G,02/11/93,1.91,85.7,2028594,USA,2013,1,7,Kansas,NBA2k20
371,Dzanan Musa,71,#13,Brooklyn Nets,F,05/08/99,2.06,88.5,1911600,Bosnia and Herzegovina,2018,1,29,,NBA2k20
372,Elie Okobo,71,#2,Phoenix Suns,G,10/23/97,1.91,86.2,1416852,France,2018,2,31,,NBA2k20
373,Jerome Robinson,71,#1,Washington Wizards,G,02/22/97,1.93,86.2,3567720,USA,2018,1,13,Boston College,NBA2k20
374,JaKarr Sampson,71,#14,Indiana Pacers,F,03/20/93,2.01,101.2,1737145,USA,2014,Undrafted,Undrafted,St. John's,NBA2k20
375,Edmond Sumner,71,#5,Indiana Pacers,G,12/13/95,1.93,84.4,2000000,USA,2017,2,52,Xavier,NBA2k20
376,Gary Trent Jr,71,#2,Portland Trail Blazers,G,01/18/99,1.96,94.8,1416852,USA,2018,2,37,Duke,NBA2k20
377,Moritz Wagner,71,#21,Washington Wizards,F,04/26/97,2.11,108.9,2063520,Germany,2018,1,25,Michigan,NBA2k20
378,Admiral Schofield,71,#1,Washington Wizards,F,03/30/97,1.96,109.3,1000000,USA,2019,2,42,Tennessee,NBA2k20
379,Bruno Fernando,71,#24,Atlanta Hawks,F,08/15/98,2.06,111.1,1400000,Angola,2019,2,34,Maryland,NBA2k20
380,Alen Smailagic,71,#6,Golden State Warriors,F,08/18/00,2.08,97.5,898310,Serbia,2019,2,39,,NBA2k20
381,Eric Paschall,71,#7,Golden State Warriors,F,11/04/96,1.98,115.7,898310,USA,2019,2,41,Villanova,NBA2k20
382,Carsen Edwards,71,#4,Boston Celtics,G,03/12/98,1.8,90.7,1228026,USA,2019,2,33,Purdue,NBA2k20
383,KZ Okpala,71,#4,Miami Heat,F,04/28/99,2.03,97.5,898310,USA,2019,2,32,Stanford,NBA2k20
384,Shake Milton,71,#18,Philadelphia 76ers,C,09/26/96,1.96,93.0,1445697,USA,2018,2,54,SMU,NBA2k20
385,Chimezie Metu,71,#7,San Antonio Spurs,F,03/22/97,2.06,102.1,1416852,Nigeria,2018,2,49,USC,NBA2k20
386,Keita Bates-Diop,70,#0,Denver Nuggets,F,01/23/96,2.03,106.6,1416852,USA,2018,2,48,Ohio State,NBA2k20
387,Darius Bazley,70,#7,Oklahoma City Thunder,F,06/12/00,2.03,90.7,2284800,USA,2019,1,23,,NBA2k20
388,Tony Bradley,70,#13,Utah Jazz,F-C,01/08/98,2.08,112.5,1962360,USA,2017,1,28,North Carolina,NBA2k20
389,Hamidou Diallo,70,#6,Oklahoma City Thunder,G,07/31/98,1.96,89.8,1416852,USA,2018,2,45,Kentucky,NBA2k20
390,Melvin Frazier,70,#35,Orlando Magic,F,08/30/96,1.96,91.2,1416852,USA,2018,2,35,Tulane,NBA2k20
391,Solomon Hill,70,#44,Miami Heat,F,03/18/91,1.98,102.5,13290395,USA,2013,1,23,Arizona,NBA2k20
392,Alize Johnson,70,#24,Indiana Pacers,F,04/26/96,2.01,91.2,1416852,USA,2018,2,50,Missouri State,NBA2k20
393,Skal Labissiere,70,#0,Atlanta Hawks,C-F,03/18/96,2.08,98.0,2338846,Haiti,2016,1,28,Kentucky,NBA2k20
394,Tyler Lydon,70,#0,,F-C,04/09/96,2.06,99.8,50000,USA,2017,1,24,Syracuse,NBA2k20
395,Sviatoslav Mykhailiuk,70,#19,Detroit Pistons,G,06/10/97,2.01,93.0,1416852,Ukraine,2018,2,47,Kansas,NBA2k20
396,Johnathan Motley,70,#15,Los Angeles Clippers,F,05/04/95,2.03,104.3,79568,USA,2017,Undrafted,Undrafted,Baylor,NBA2k20
397,Abdel Nader,70,#11,Oklahoma City Thunder,F,09/25/93,1.96,102.1,1618520,Egypt,2016,2,58,Iowa State,NBA2k20
398,Miles Plumlee,70,#0,,F-C,09/01/88,2.11,115.7,12500000,USA,2012,1,26,Duke,NBA2k20
399,Caleb Swanigan,70,#50,Portland Trail Blazers,C,04/18/97,2.06,112.9,2033160,USA,2017,1,26,Purdue,NBA2k20
400,Jarred Vanderbilt,70,#0,Minnesota Timberwolves,F,04/03/99,2.06,97.1,1416852,USA,2018,2,41,Kentucky,NBA2k20
401,Jemerrio Jones,70,#0,,F,04/09/95,1.96,91.2,195077,USA,2018,Undrafted,Undrafted,New Mexico State,NBA2k20
402,Jordan Poole,70,#3,Golden State Warriors,G,06/19/99,1.93,88.0,1964760,USA,2019,1,28,Michigan,NBA2k20
403,Talen Horton-Tucker,70,#5,Los Angeles Lakers,G,11/20/00,1.93,106.1,898310,USA,2019,2,46,Iowa State,NBA2k20
404,Yante Maten,70,#0,,F-C,08/14/96,2.03,108.9,100000,USA,2018,Undrafted,Undrafted,Georgia,NBA2k20
405,Thanasis Antetokounmpo,70,#43,Milwaukee Bucks,F,07/18/92,1.98,97.5,1445697,Greece,2014,2,51,,NBA2k20
406,Naz Reid,70,#11,Minnesota Timberwolves,C,08/26/99,2.06,112.9,898310,USA,2019,Undrafted,Undrafted,LSU,NBA2k20
407,Ignas Brazdeikis,70,#17,New York Knicks,F,01/08/99,1.98,98.0,898310,Canada,2019,2,47,Michigan,NBA2k20
408,Deonte Burton,70,#30,Oklahoma City Thunder,G,06/26/91,1.93,108.9,1416852,USA,2014,Undrafted,Undrafted,Iowa State,NBA2k20
409,Justin James,70,#10,Sacramento Kings,G,01/24/97,2.01,86.2,898310,USA,2019,2,40,Wyoming,NBA2k20
410,Henry Ellenson,69,#0,,F-C,01/13/97,2.08,109.8,79568,USA,2016,1,18,Marquette,NBA2k20
411,Devonte Graham,69,#0,Charlotte Hornets,G,02/22/95,1.85,83.9,1416852,USA,2018,2,34,Kansas,NBA2k20
412,Amile Jefferson,69,#0,,F-C,05/07/93,2.06,101.6,1529007,USA,2017,Undrafted,Undrafted,Duke,NBA2k20
413,Khyri Thomas,69,#13,Detroit Pistons,G,05/08/96,1.91,95.3,1416852,USA,2018,2,38,Creighton,NBA2k20
414,Theo Pinson,69,#0,New York Knicks,G,11/05/95,1.96,99.8,1445697,USA,2018,Undrafted,Undrafted,North Carolina,NBA2k20
415,Gary Clark,69,#0,Orlando Magic,F,11/16/94,1.98,102.1,1427191,USA,2018,Undrafted,Undrafted,Cincinnati,NBA2k20
416,Terance Mann,69,#14,Los Angeles Clippers,G,10/18/96,1.96,97.5,1000000,USA,2019,2,48,Florida State,NBA2k20
417,Cam Reynolds,69,#13,Milwaukee Bucks,G,02/07/95,2.01,102.1,79568,USA,2018,Undrafted,Undrafted,Tulane,NBA2k20
418,Tyrone Wallace,69,#0,,G-F,06/10/94,1.96,90.7,502491,USA,2016,2,60,California,NBA2k20
419,Miye Oni,69,#24,Utah Jazz,F,08/04/97,1.96,95.3,898310,USA,2019,2,58,Yale,NBA2k20
420,Malcolm Miller,69,#13,Toronto Raptors,F,03/06/93,2.01,93.0,1588231,USA,2015,Undrafted,Undrafted,Holy Cross,NBA2k20
421,Isaac Bonga,68,#17,Washington Wizards,G,11/08/99,2.03,90.7,1416852,Germany,2018,2,39,,NBA2k20
422,Isaiah Hartenstein,68,#0,,F-C,05/05/98,2.13,113.4,1416852,Germany,2017,2,43,,NBA2k20
423,Jordan McRae,68,#0,Detroit Pistons,G,03/28/91,1.96,81.2,1254933,USA,2014,2,58,Tennessee,NBA2k20
424,Brandon Goodwin,68,#0,Atlanta Hawks,G,10/02/95,1.83,81.6,522738,USA,2018,Undrafted,Undrafted,Florida Gulf Coast,NBA2k20
425,Michael Frazier,68,#21,Houston Rockets,G,03/08/94,1.91,90.7,79568,USA,2015,2,60,Florida,NBA2k20
426,Kostas Antetokounmpo,68,#37,Los Angeles Lakers,F,11/20/97,2.08,90.7,79568,Greece,2018,Undrafted,Undrafted,Dayton,NBA2k20
427,Jalen Lecque,68,#0,Phoenix Suns,G,06/13/00,1.91,86.2,898310,USA,2019,Undrafted,Undrafted,,NBA2k20
428,Duncan Robinson,67,#55,Miami Heat,F,04/22/94,2.01,97.5,1416852,USA,2018,Undrafted,Undrafted,Michigan,NBA2k20
